SAPNo;QBCena;QB;Waluta
67698;70,53;5;PLN
67698;69,43;10;PLN
168698;94,33;5;PLN
168698;92,86;10;PLN
218208;948,43;2;PLN
218209;1040,62;2;PLN
239226;53,94;2;PLN
278527;234,09;2;PLN
322892;495,55;2;PLN
372064;337,52;2;PLN
372065;351,26;2;PLN
407223;165,61;2;PLN
413892;151,89;5;PLN
413892;149,86;10;PLN
431271;1433,13;2;PLN
431323;992,79;2;PLN
431385;1225,00;2;PLN
438820;199,30;2;PLN
480877;450,31;2;PLN
503179;396,59;2;PLN
504505;616,95;2;PLN
504512;1252,35;2;PLN
577624;38,47;2;PLN
577633;38,59;2;PLN
577634;35,12;2;PLN
577637;38,59;2;PLN
584204;38,59;2;PLN
584205;35,12;2;PLN
584206;35,12;2;PLN
584207;38,59;2;PLN
584208;35,12;2;PLN
584209;35,12;2;PLN
612131;131,09;2;PLN
615370;892,97;2;PLN
615371;1697,31;2;PLN
615374;44,21;2;PLN
615425;1268,52;2;PLN
672406;24,31;2;PLN
677201;434,82;2;PLN
678738;787,02;2;PLN
678739;1433,13;2;PLN
702696;598,67;2;PLN
702742;440,52;2;PLN
703687;60,51;2;PLN
704314;1587,30;2;PLN
704315;1587,30;2;PLN
704316;1587,30;2;PLN
704317;1007,94;2;PLN
704318;898,91;2;PLN
712310;435,04;2;PLN
712655;99,09;2;PLN
733270;620,35;2;PLN
772156;227,42;2;PLN
782565;880,94;2;PLN
796647;156,23;5;PLN
796647;154,15;10;PLN
809360;481,74;2;PLN
809368;851,79;2;PLN
813359;75,61;2;PLN
813360;119,64;2;PLN
826362;440,48;2;PLN
826370;600,27;2;PLN
826430;534,51;2;PLN
826432;1471,64;2;PLN
826433;1586,28;2;PLN
837617;420,92;2;PLN
871328;366,98;2;PLN
881926;1930,66;2;PLN
881955;586,72;2;PLN
881956;965,43;2;PLN
881957;937,77;2;PLN
881958;965,43;2;PLN
881959;819,14;2;PLN
881960;1930,66;2;PLN
881961;1930,66;2;PLN
884763;253,91;2;PLN
884767;534,37;2;PLN
885105;63,94;2;PLN
904689;200,50;2;PLN
909998;38,87;2;PLN
913961;557,16;2;PLN
914002;1020,68;2;PLN
916364;94,33;5;PLN
916364;92,86;10;PLN
916874;43,37;5;PLN
916874;42,69;10;PLN
921569;1025,51;2;PLN
921632;1091,93;2;PLN
921633;1091,93;2;PLN
921634;1091,93;2;PLN
921635;822,09;2;PLN
924228;39,15;2;PLN
926815;549,01;2;PLN
926816;549,01;2;PLN
926817;549,01;2;PLN
926818;480,22;2;PLN
939751;293,82;2;PLN
988474;933,00;2;PLN
988655;586,00;2;PLN
991983;76,78;2;PLN
1010698;133,98;5;PLN
1010698;131,91;10;PLN
1019988;157,73;5;PLN
1019988;155,28;10;PLN
1019989;364,27;5;PLN
1019989;358,62;10;PLN
1063795;131,09;2;PLN
1063809;142,05;2;PLN
1064050;330,41;2;PLN
1064051;396,13;2;PLN
1064052;396,13;2;PLN
1064364;396,13;2;PLN
1064367;636,00;2;PLN
1064859;210,76;2;PLN
1081725;306,28;2;PLN
1081797;306,28;2;PLN
1089759;235,03;2;PLN
1089798;396,28;2;PLN
1089805;739,35;2;PLN
1089806;833,84;2;PLN
1091916;61,95;5;PLN
1091916;61,12;10;PLN
1106345;110,52;5;PLN
1106345;108,80;10;PLN
1111980;50,03;2;PLN
1111981;60,08;2;PLN
1111982;85,71;2;PLN
1111983;73,79;2;PLN
1112187;43,69;2;PLN
1112188;43,69;2;PLN
1112285;44,46;2;PLN
1112287;43,69;2;PLN
1112288;43,83;2;PLN
1112289;44,46;2;PLN
1112454;100,19;2;PLN
1112455;84,40;2;PLN
1112536;68,22;2;PLN
1112538;26,44;2;PLN
1144569;475,89;2;PLN
1144570;546,82;2;PLN
1144607;40,90;2;PLN
1144666;708,26;2;PLN
1144667;708,26;2;PLN
1144676;546,82;2;PLN
1144773;546,82;2;PLN
1144775;708,26;2;PLN
1144924;1560,64;2;PLN
1147304;706,71;2;PLN
1184259;463,62;2;PLN
1184260;259,17;2;PLN
1184261;276,07;2;PLN
1184262;276,07;2;PLN
1184308;492,53;2;PLN
1184309;258,10;2;PLN
1184315;276,07;2;PLN
1184316;447,56;2;PLN
1184318;715,04;2;PLN
1192117;1581,53;2;PLN
1193064;976,44;2;PLN
1194843;299,79;2;PLN
1194848;582,46;2;PLN
1194850;544,02;2;PLN
1235268;637,74;2;PLN
1235269;567,17;2;PLN
1235270;567,17;2;PLN
1235271;464,34;2;PLN
1235272;419,49;2;PLN
1235273;464,34;2;PLN
1235454;464,34;2;PLN
1235455;567,17;2;PLN
1235473;1096,58;2;PLN
1235474;1007,17;2;PLN
1235475;34,42;2;PLN
1235480;275,45;2;PLN
1244781;1436,16;2;PLN
1252006;316,68;5;PLN
1252006;311,76;10;PLN
1266467;1581,53;2;PLN
1270660;586,78;2;PLN
1270661;1394,87;2;PLN
1270662;965,48;2;PLN
1270663;1394,87;2;PLN
1270684;965,48;2;PLN
1270685;1791,66;2;PLN
1270686;819,14;2;PLN
1270687;1844,60;2;PLN
1270688;1791,66;2;PLN
1270690;1394,87;2;PLN
1270691;965,48;2;PLN
1270692;747,15;2;PLN
1271118;33,93;2;PLN
1271119;37,55;2;PLN
1271120;85,29;2;PLN
1271121;159,53;2;PLN
1271122;39,58;2;PLN
1271123;64,72;2;PLN
1271124;69,88;2;PLN
1271125;44,46;2;PLN
1271126;44,46;2;PLN
1271127;47,60;2;PLN
1295188;418,55;2;PLN
1295189;416,66;2;PLN
1295190;416,66;2;PLN
1295191;821,49;2;PLN
1295522;547,27;2;PLN
1295523;504,83;2;PLN
1295524;416,66;2;PLN
1295525;821,49;2;PLN
1295526;821,54;2;PLN
1295538;833,98;2;PLN
1295539;767,31;2;PLN
1295540;159,98;2;PLN
1296714;434,75;2;PLN
1296715;581,12;2;PLN
1296716;585,28;2;PLN
1296717;585,28;2;PLN
1315421;826,46;2;PLN
1316356;767,31;2;PLN
1322918;91,62;2;PLN
1325640;527,53;2;PLN
1343860;47,48;2;PLN
1343861;61,41;2;PLN
1355845;54,73;5;PLN
1355845;53,88;10;PLN
1373560;1465,53;2;PLN
1378763;47,01;2;PLN
1378844;42,80;2;PLN
1378845;42,80;2;PLN
1378846;42,80;2;PLN
1378847;42,80;2;PLN
1378848;46,20;2;PLN
1378849;42,80;2;PLN
1378850;42,80;2;PLN
1378851;42,80;2;PLN
1378852;47,01;2;PLN
1384993;1543,39;2;PLN
1385074;2021,87;2;PLN
1385075;2021,87;2;PLN
1385076;1248,53;2;PLN
1385078;158,84;2;PLN
1385083;756,35;2;PLN
1385084;598,45;2;PLN
1385085;756,35;2;PLN
1385086;756,35;2;PLN
1385088;1135,58;2;PLN
1385089;1135,58;2;PLN
1385090;1703,24;2;PLN
1385092;1703,24;2;PLN
1385093;1703,28;2;PLN
1385094;2021,87;2;PLN
1392968;1135,58;2;PLN
1392973;632,70;2;PLN
1398010;114,32;2;PLN
1400820;351,80;2;PLN
1426359;138,13;5;PLN
1426359;136,28;10;PLN
1426360;231,68;5;PLN
1426360;228,59;10;PLN
1426361;228,58;5;PLN
1426361;225,53;10;PLN
1442892;398,46;2;PLN
1445213;1546,79;2;PLN
1445224;1436,16;2;PLN
1447288;91,54;2;PLN
1447569;1625,06;2;PLN
1448253;176,72;5;PLN
1448253;174,35;10;PLN
1448254;176,72;5;PLN
1448254;174,35;10;PLN
1448256;190,35;5;PLN
1448256;187,81;10;PLN
1448259;349,24;5;PLN
1448259;344,58;10;PLN
1448402;101,76;2;PLN
1448403;107,53;2;PLN
1449559;100,78;2;PLN
1449660;255,14;5;PLN
1449660;251,18;10;PLN
1449661;269,07;5;PLN
1449661;264,89;10;PLN
1451489;101,36;2;PLN
1456819;143,43;2;PLN
1470121;27,96;2;PLN
1471614;71,69;5;PLN
1471614;70,73;10;PLN
1483968;126,57;2;PLN
1484027;19,82;2;PLN
1484029;34,58;2;PLN
1484031;84,88;2;PLN
1491178;946,21;2;PLN
1491181;991,53;2;PLN
1491182;1478,72;2;PLN
1491183;1478,72;2;PLN
1491314;946,21;2;PLN
1491373;946,21;2;PLN
1495650;270,81;5;PLN
1495650;266,61;10;PLN
1506227;271,75;2;PLN
1506228;480,15;2;PLN
1521952;80,73;2;PLN
1522095;90,66;2;PLN
1522527;49,77;2;PLN
1522528;45,58;2;PLN
1535080;763,80;2;PLN
1535133;1581,42;2;PLN
1535373;1747,48;2;PLN
1535374;1747,48;2;PLN
1535375;1747,48;2;PLN
1558612;30,57;2;PLN
1616229;40,62;2;PLN
1616231;40,62;2;PLN
1616232;40,62;2;PLN
1616234;40,62;2;PLN
1616236;28,26;2;PLN
1616237;59,87;2;PLN
1616238;126,75;2;PLN
1616239;84,52;2;PLN
1616245;65,36;2;PLN
1616246;46,66;2;PLN
1616247;79,55;2;PLN
1616248;60,97;2;PLN
1616249;45,29;2;PLN
1616250;39,92;2;PLN
1621921;195,77;2;PLN
1621922;237,22;2;PLN
1621923;453,69;2;PLN
1621924;453,69;2;PLN
1621975;453,69;2;PLN
1643060;54,73;5;PLN
1643060;53,88;10;PLN
1650567;1897,72;2;PLN
1661535;407,74;2;PLN
1661924;776,88;2;PLN
1662025;497,50;2;PLN
1662059;157,93;2;PLN
1662630;183,83;2;PLN
1662631;183,83;2;PLN
1662632;183,83;2;PLN
1662633;551,61;2;PLN
1662636;584,91;2;PLN
1662637;551,27;2;PLN
1662638;551,27;2;PLN
1662639;551,27;2;PLN
1662640;735,37;2;PLN
1662650;39,65;2;PLN
1662651;183,83;2;PLN
1662652;326,47;2;PLN
1662877;1012,18;2;PLN
1662878;834,73;2;PLN
1662879;800,25;2;PLN
1662880;800,25;2;PLN
1662881;800,25;2;PLN
1663646;173,86;2;PLN
1663647;229,29;2;PLN
1663648;229,29;2;PLN
1663649;229,29;2;PLN
1663650;273,24;2;PLN
1663651;326,47;2;PLN
1663652;326,47;2;PLN
1667300;1002,46;2;PLN
1672625;1039,49;2;PLN
1694632;1839,41;2;PLN
1694692;613,03;2;PLN
1694929;1720,61;2;PLN
1694934;1720,61;2;PLN
1694939;1786,62;2;PLN
1694941;1839,41;2;PLN
1694949;620,42;2;PLN
1694957;1786,62;2;PLN
1695815;1817,52;2;PLN
1695816;1659,31;2;PLN
1695817;1839,41;2;PLN
1734664;406,91;2;PLN
1734705;507,21;2;PLN
1734706;798,32;2;PLN
1734815;776,88;2;PLN
1734847;798,32;2;PLN
1735887;414,00;2;PLN
1737233;346,60;5;PLN
1737233;341,98;10;PLN
1737354;418,93;2;PLN
1742524;815,72;2;PLN
1759058;847,21;2;PLN
1759059;545,97;2;PLN
1759179;872,24;2;PLN
1759428;847,21;2;PLN
1759566;1382,63;2;PLN
1759567;733,59;2;PLN
1759568;1382,63;2;PLN
1759570;1382,63;2;PLN
1759801;357,37;2;PLN
1762584;485,45;2;PLN
1762592;36,13;2;PLN
1762679;993,50;2;PLN
1762680;1817,43;2;PLN
1762681;1691,01;2;PLN
1762755;121,40;2;PLN
1773359;280,58;2;PLN
1822627;504,27;2;PLN
1822628;795,39;2;PLN
1822629;795,39;2;PLN
1822630;795,39;2;PLN
1822631;414,69;2;PLN
1822632;623,59;2;PLN
1830046;46,14;5;PLN
1830046;45,52;10;PLN
1830697;121,41;5;PLN
1830697;119,79;10;PLN
1830735;69,84;5;PLN
1830735;68,90;10;PLN
1830736;44,24;5;PLN
1830736;43,65;10;PLN
1830737;104,30;5;PLN
1830737;102,91;10;PLN
1832359;31,85;5;PLN
1832359;31,43;10;PLN
1852995;1141,84;2;PLN
1854211;864,59;2;PLN
1854212;593,54;2;PLN
1854213;665,73;2;PLN
1854214;461,64;2;PLN
1854215;1086,84;2;PLN
1932042;255,33;2;PLN
1932152;458,56;2;PLN
2008674;71,47;1001;PLN
2021978;49,33;5;PLN
2021978;48,56;10;PLN
2031751;229,54;5;PLN
2031751;226,48;10;PLN
2053928;141,88;5;PLN
2053928;139,68;10;PLN
2055153;175,09;5;PLN
2055153;172,75;10;PLN
2055155;197,68;5;PLN
2055155;194,61;10;PLN
2055156;243,84;5;PLN
2055156;240,59;10;PLN
2055160;387,90;5;PLN
2055160;381,88;10;PLN
2055161;433,84;5;PLN
2055161;427,10;10;PLN
2055162;433,89;5;PLN
2055162;427,15;10;PLN
2059737;42,88;2;PLN
2059738;42,88;2;PLN
2059739;43,18;2;PLN
2060330;48,72;2;PLN
2060331;43,18;2;PLN
2060332;43,32;2;PLN
2062131;40,08;141;PLN
2101265;31,33;5;PLN
2101265;30,91;10;PLN
2101266;108,38;5;PLN
2101266;106,94;10;PLN
2120042;458,65;2;PLN
2120045;697,74;2;PLN
2120047;238,00;2;PLN
2126783;22,70;5;PLN
2126783;22,39;10;PLN
2141287;71,28;51;PLN
2148836;581,89;2;PLN
2148840;324,68;2;PLN
2148841;353,03;2;PLN
2148842;353,03;2;PLN
2148843;353,03;2;PLN
2148845;450,55;2;PLN
2148846;660,35;2;PLN
2148847;660,35;2;PLN
2148848;660,35;2;PLN
2149421;1020,38;2;PLN
2149422;1826,06;2;PLN
2149423;1825,95;2;PLN
2149424;1826,06;2;PLN
2149425;885,99;2;PLN
2149426;1455,29;2;PLN
2149427;1437,91;2;PLN
2149428;1455,29;2;PLN
2149429;623,07;2;PLN
2149430;945,15;2;PLN
2149431;945,15;2;PLN
2149432;945,15;2;PLN
2149433;48,42;2;PLN
2171691;199,96;2;PLN
2198072;18,17;5;PLN
2198072;17,94;10;PLN
2201293;411,08;5;PLN
2201293;405,04;20;PLN
2205753;184,80;5;PLN
2205753;181,93;10;PLN
2207076;126,03;5;PLN
2207076;124,08;10;PLN
2230591;2708,19;2;PLN
2230592;110,23;2;PLN
2230593;1771,57;2;PLN
2230594;302,97;2;PLN
2230595;1781,12;2;PLN
2230597;1781,12;2;PLN
2230635;1781,12;2;PLN
2230636;1577,89;2;PLN
2230637;1781,12;2;PLN
2230638;1781,12;2;PLN
2230640;924,85;2;PLN
2259817;48,49;43;PLN
2263396;77,42;5;PLN
2263396;76,39;10;PLN
2263502;141,88;5;PLN
2263502;139,68;10;PLN
2264442;48,53;76;PLN
2264443;48,65;41;PLN
2275337;126,26;2;PLN
2275341;48,21;2;PLN
2275347;114,51;2;PLN
2275348;85,76;2;PLN
2275356;46,88;2;PLN
2275362;91,27;2;PLN
2275363;121,19;2;PLN
2275376;126,39;2;PLN
2275378;104,57;2;PLN
2275389;81,34;2;PLN
2275390;96,65;2;PLN
2275392;98,51;2;PLN
2279019;531,13;2;PLN
2279027;90,27;2;PLN
2279028;57,83;2;PLN
2279092;1750,78;2;PLN
2279110;467,80;2;PLN
2279111;531,13;2;PLN
2279112;531,13;2;PLN
2279180;798,32;2;PLN
2279181;998,32;2;PLN
2283876;176,72;5;PLN
2283876;174,35;10;PLN
2313962;67,80;2;PLN
2314179;111,16;2;PLN
2314401;52,49;2;PLN
2314402;67,07;2;PLN
2314403;78,23;2;PLN
2314404;77,42;2;PLN
2322166;177,06;2;PLN
2322167;180,18;2;PLN
2322168;177,06;2;PLN
2322169;152,56;2;PLN
2322210;257,10;2;PLN
2328758;85,31;2;PLN
2328759;85,31;2;PLN
2328778;85,31;2;PLN
2328779;85,31;2;PLN
2329597;100,39;2;PLN
2329600;556,96;2;PLN
2329601;93,76;2;PLN
2329602;85,31;2;PLN
2329603;83,83;2;PLN
2329604;85,31;2;PLN
2329610;85,31;2;PLN
2329611;85,31;2;PLN
2329612;93,76;2;PLN
2329613;93,76;2;PLN
2337025;148,87;5;PLN
2337025;146,56;10;PLN
2346008;122,38;5;PLN
2346008;120,74;10;PLN
2355568;57,00;75;PLN
2400800;85,70;49;PLN
2457294;859,27;2;PLN
2457296;859,27;2;PLN
2457298;859,27;2;PLN
2457304;657,62;2;PLN
2457369;787,68;2;PLN
2457370;787,68;2;PLN
2457371;787,68;2;PLN
2457376;700,63;2;PLN
2457378;700,63;2;PLN
2457379;680,52;2;PLN
2457385;800,19;2;PLN
2457388;657,62;2;PLN
2457391;787,68;2;PLN
2457392;787,68;2;PLN
2457393;810,95;2;PLN
2476043;62,63;5;PLN
2476043;61,67;10;PLN
2476044;67,46;5;PLN
2476044;66,41;10;PLN
2476045;102,28;5;PLN
2476045;100,69;10;PLN
2500033;71,06;5;PLN
2500033;70,11;10;PLN
2501010;153,83;5;PLN
2501010;151,45;10;PLN
2504827;138,22;5;PLN
2504827;136,07;10;PLN
2519906;828,65;2;PLN
2521623;828,65;2;PLN
2521624;836,19;2;PLN
2521625;652,98;2;PLN
2527286;680,52;2;PLN
2527287;700,63;2;PLN
2527288;680,52;2;PLN
2527289;658,87;2;PLN
2527290;782,06;2;PLN
2527321;782,06;2;PLN
2527323;778,82;2;PLN
2534185;229,55;2;PLN
2534188;229,55;2;PLN
2574000;39,37;2;PLN
2574002;39,37;2;PLN
2574003;54,18;2;PLN
2574004;53,07;2;PLN
2574005;53,45;2;PLN
2574006;52,53;2;PLN
2574007;53,07;2;PLN
2574008;53,45;2;PLN
2574009;48,69;2;PLN
2574010;47,85;2;PLN
2574011;39,37;2;PLN
2574012;39,37;2;PLN
2574013;39,09;2;PLN
2574014;149,08;2;PLN
2574015;148,04;2;PLN
2574017;54,77;2;PLN
2574018;55,00;2;PLN
2574019;53,91;2;PLN
2574020;54,30;2;PLN
2574021;54,30;2;PLN
2574022;53,36;2;PLN
2574023;54,30;2;PLN
2574024;46,43;2;PLN
2574025;46,43;2;PLN
2574026;46,43;2;PLN
2574027;46,43;2;PLN
2574028;46,43;2;PLN
2574029;46,43;2;PLN
2574030;46,43;2;PLN
2574031;46,43;2;PLN
2574032;324,56;2;PLN
2574033;39,54;2;PLN
2574034;40,24;2;PLN
2574035;40,24;2;PLN
2574036;39,54;2;PLN
2574037;39,54;2;PLN
2574038;39,54;2;PLN
2574039;39,54;2;PLN
2574040;39,59;2;PLN
2574041;43,47;2;PLN
2574042;40,24;2;PLN
2574043;204,52;2;PLN
2574044;204,52;2;PLN
2574045;54,26;2;PLN
2576500;115,58;2;PLN
2576501;177,74;2;PLN
2580379;3252,68;11;PLN
2580379;3742,05;148;PLN
2580393;3408,60;11;PLN
2580393;3928,07;101;PLN
2596246;54,25;5;PLN
2596246;53,41;10;PLN
2597053;138,22;5;PLN
2597053;136,07;10;PLN
2597055;350,09;5;PLN
2597055;344,65;10;PLN
2597056;421,96;5;PLN
2597056;415,41;10;PLN
2597057;468,78;5;PLN
2597057;461,50;10;PLN
2602052;934,57;2;PLN
2602058;222,01;2;PLN
2602213;222,01;2;PLN
2602214;1361,84;2;PLN
2602215;905,74;2;PLN
2602221;377,55;2;PLN
2602222;1148,37;2;PLN
2602223;215,64;2;PLN
2602224;138,98;2;PLN
2602225;143,03;2;PLN
2602227;775,61;2;PLN
2602228;1782,77;2;PLN
2602229;1168,46;2;PLN
2602230;1835,45;2;PLN
2602231;224,96;2;PLN
2602232;487,96;2;PLN
2602233;311,13;2;PLN
2602238;904,01;2;PLN
2602241;516,92;2;PLN
2602242;1465,33;2;PLN
2602243;775,57;2;PLN
2602244;1179,11;2;PLN
2602246;170,12;2;PLN
2602247;170,12;2;PLN
2602248;170,12;2;PLN
2602249;170,44;2;PLN
2602250;242,38;2;PLN
2602251;247,18;2;PLN
2602252;525,58;2;PLN
2607454;516,92;2;PLN
2607455;1140,98;2;PLN
2607456;775,61;2;PLN
2607457;1448,09;2;PLN
2607458;1782,77;2;PLN
2607459;766,38;2;PLN
2607460;1179,11;2;PLN
2607461;1782,77;2;PLN
2607462;480,23;2;PLN
2607463;368,66;2;PLN
2607464;1134,93;2;PLN
2607465;480,23;2;PLN
2607466;480,23;2;PLN
2607467;499,56;2;PLN
2607468;511,73;2;PLN
2607469;499,56;2;PLN
2607470;499,56;2;PLN
2643146;330,18;2;PLN
2643147;229,23;2;PLN
2643148;330,18;2;PLN
2643149;330,18;2;PLN
2643154;383,75;2;PLN
2643155;345,12;2;PLN
2643156;375,40;2;PLN
2643157;383,75;2;PLN
2643162;408,70;2;PLN
2643163;491,55;2;PLN
2643164;408,70;2;PLN
2643165;408,70;2;PLN
2650462;484,11;2;PLN
2650463;643,56;2;PLN
2650464;655,69;2;PLN
2650465;655,47;2;PLN
2650466;655,51;2;PLN
2650503;24,04;2;PLN
2650505;8,99;2;PLN
2650508;7,79;2;PLN
2650512;237,32;2;PLN
2655750;771,89;2;PLN
2655792;771,89;2;PLN
2655793;771,89;2;PLN
2660091;383,03;2;PLN
2660093;354,65;2;PLN
2660094;383,03;2;PLN
2660095;394,35;2;PLN
2660096;330,18;2;PLN
2660097;229,23;2;PLN
2660098;330,18;2;PLN
2660099;330,18;2;PLN
2660100;413,54;2;PLN
2660101;483,09;2;PLN
2660102;415,77;2;PLN
2660103;420,78;2;PLN
2663149;25,61;283;PLN
2664944;86,38;5;PLN
2664944;85,04;10;PLN
2664945;91,83;5;PLN
2664945;90,40;10;PLN
2667884;180,22;6;PLN
2683164;84,61;2;PLN
2690511;350,09;5;PLN
2690511;344,65;10;PLN
2711217;2413,66;11;PLN
2711217;2859,87;279;PLN
2712794;2584,21;11;PLN
2712794;3075,18;151;PLN
2736312;798,32;2;PLN
2739811;15,27;2;PLN
2739814;6,09;2;PLN
2739815;5,98;2;PLN
2739816;9,33;2;PLN
2744676;38,88;5;PLN
2744676;38,27;10;PLN
2744677;46,83;5;PLN
2744677;46,10;10;PLN
2744678;81,33;5;PLN
2744678;80,07;10;PLN
2803053;71,38;99;PLN
2805090;118,60;5;PLN
2805090;116,76;10;PLN
2834626;86,49;5;PLN
2834626;85,14;10;PLN
2847403;47,28;2;PLN
2847404;58,18;2;PLN
2847405;67,30;2;PLN
2847406;66,77;2;PLN
2847408;59,60;2;PLN
2847492;99,37;2;PLN
2847493;67,32;2;PLN
2847494;68,00;2;PLN
2885726;472,19;3;PLN
2888835;44,42;2;PLN
2888837;88,94;2;PLN
2888838;148,15;2;PLN
2915866;38,31;5;PLN
2915866;37,80;10;PLN
2992986;655,21;9;PLN
3016960;46,70;2;PLN
3059236;38,26;5;PLN
3059236;37,75;10;PLN
3059237;77,33;5;PLN
3059237;76,29;10;PLN
3059238;51,36;5;PLN
3059238;50,67;10;PLN
3085080;191,15;5;PLN
3085080;188,60;10;PLN
3119721;145,86;5;PLN
3119721;143,92;10;PLN
3123785;428,59;2;PLN
3143256;30,98;5;PLN
3143256;30,50;10;PLN
3143257;30,98;5;PLN
3143257;30,50;10;PLN
3143258;38,88;5;PLN
3143258;38,27;10;PLN
3143259;38,88;5;PLN
3143259;38,27;10;PLN
3147174;1989,04;3;PLN
3156646;844,31;2;PLN
3156655;208,98;2;PLN
3156684;144,12;2;PLN
3157808;675,36;2;PLN
3194271;227,32;2;PLN
3194272;556,96;2;PLN
3222318;81,29;2;PLN
3222319;50,83;2;PLN
3222471;50,83;2;PLN
3222473;49,95;2;PLN
3222475;190,82;2;PLN
3222476;98,00;2;PLN
3222477;73,32;2;PLN
3222478;72,05;2;PLN
3222479;73,32;2;PLN
3222480;263,27;2;PLN
3236422;136,81;5;PLN
3236422;134,99;10;PLN
3246293;254,17;2;PLN
3257134;434,82;2;PLN
3286256;191,13;7;PLN
3308684;54,73;5;PLN
3308684;53,88;10;PLN
3308686;54,78;5;PLN
3308686;53,92;10;PLN
3308687;46,83;5;PLN
3308687;46,10;10;PLN
3339753;27,35;5;PLN
3339753;26,98;10;PLN
3339754;19,51;5;PLN
3339754;19,26;10;PLN
3339755;19,51;5;PLN
3339755;19,26;10;PLN
3339756;19,51;5;PLN
3339756;19,26;10;PLN
3358111;94,34;16;PLN
3367638;61,15;5;PLN
3367638;60,33;10;PLN
3375307;46,10;5;PLN
3375307;45,48;10;PLN
3380144;114,22;89;PLN
3380489;148,87;5;PLN
3380489;146,56;10;PLN
3405269;128,91;10;PLN
3405269;128,49;20;PLN
3430665;207,88;2;PLN
3430666;290,09;2;PLN
3454668;446,15;15001;PLN
3454669;619,73;15001;PLN
3459610;97,97;5;PLN
3459610;96,67;10;PLN
3466227;157,98;5;PLN
3466227;155,52;10;PLN
3466228;189,73;5;PLN
3466228;186,78;10;PLN
3466229;146,10;5;PLN
3466229;143,83;10;PLN
3466230;189,67;5;PLN
3466230;186,72;10;PLN
3466333;213,47;5;PLN
3466333;210,16;10;PLN
3466334;70,63;5;PLN
3466334;69,53;10;PLN
3466335;70,63;5;PLN
3466335;69,53;10;PLN
3466336;102,28;5;PLN
3466336;100,69;10;PLN
3466337;126,03;5;PLN
3466337;124,08;10;PLN
3466338;122,92;5;PLN
3466338;121,01;10;PLN
3493386;151,65;4;PLN
3521281;151,43;10;PLN
3522236;51,00;2;PLN
3522237;134,55;2;PLN
3522239;93,11;2;PLN
3522240;177,07;2;PLN
3522241;36,40;2;PLN
3522242;36,14;2;PLN
3522243;36,40;2;PLN
3522244;36,14;2;PLN
3522245;36,40;2;PLN
3522246;47,52;2;PLN
3522247;47,18;2;PLN
3522248;46,70;2;PLN
3522249;47,18;2;PLN
3522250;47,52;2;PLN
3522251;44,88;2;PLN
3522252;49,64;2;PLN
3542428;122,88;5;PLN
3542428;120,97;10;PLN
3542429;122,88;5;PLN
3542429;120,97;10;PLN
3542430;115,92;5;PLN
3542430;114,12;10;PLN
3542432;54,73;5;PLN
3542432;53,88;10;PLN
3542433;612,64;5;PLN
3542433;604,48;10;PLN
3542434;762,74;5;PLN
3542434;752,57;10;PLN
3542439;358,90;5;PLN
3542439;354,11;10;PLN
3542485;115,92;5;PLN
3542485;114,12;10;PLN
3547061;72,47;5;PLN
3547061;71,34;10;PLN
3547063;72,47;5;PLN
3547063;71,34;10;PLN
3555829;166,39;2;PLN
3555830;167,16;2;PLN
3556940;143,40;2;PLN
3557015;176,05;2;PLN
3557091;147,36;2;PLN
3557092;146,60;2;PLN
3557093;155,30;2;PLN
3557094;156,08;2;PLN
3557101;158,91;2;PLN
3557102;129,34;2;PLN
3557103;128,71;2;PLN
3589063;43,41;5;PLN
3589063;42,73;10;PLN
3606692;144,64;99;PLN
3606695;159,75;100;PLN
3606872;151,65;9;PLN
3612992;229,58;5;PLN
3612992;226,53;10;PLN
3638650;174,95;5;PLN
3638650;172,61;10;PLN
3638652;152,03;5;PLN
3638652;150,00;10;PLN
3643454;2085,44;2;PLN
3643455;2085,44;2;PLN
3643456;2085,44;2;PLN
3643457;1199,63;2;PLN
3675276;181,78;5;PLN
3675276;178,96;10;PLN
3681521;597,47;55;PLN
3698682;42,76;150;PLN
3698686;42,76;76;PLN
3698771;42,76;76;PLN
3699335;99,89;293;PLN
3719370;54,64;2;PLN
3720098;149,15;2;PLN
3720162;149,15;2;PLN
3720163;149,15;2;PLN
3720164;149,15;2;PLN
3720165;149,15;2;PLN
3720166;149,15;2;PLN
3720245;263,86;2;PLN
3720246;263,86;2;PLN
3720247;184,72;2;PLN
3720311;149,15;2;PLN
3720312;149,15;2;PLN
3720313;149,15;2;PLN
3720314;149,15;2;PLN
3720315;149,15;2;PLN
3720316;149,15;2;PLN
3720321;19,97;2;PLN
3720322;20,11;2;PLN
3720323;20,14;2;PLN
3720324;20,07;2;PLN
3728822;78,58;5;PLN
3728822;77,36;10;PLN
3728823;78,58;5;PLN
3728823;77,36;10;PLN
3728824;78,58;5;PLN
3728824;77,36;10;PLN
3728828;130,62;5;PLN
3728828;128,59;10;PLN
3728829;153,79;5;PLN
3728829;151,41;10;PLN
3728831;110,33;5;PLN
3728831;108,62;10;PLN
3728833;110,33;5;PLN
3728833;108,62;10;PLN
3728834;130,62;5;PLN
3728834;128,59;10;PLN
3728835;94,43;5;PLN
3728835;92,97;10;PLN
3729733;1992,16;10;PLN
3733853;137,63;1001;PLN
3738433;769,91;2;PLN
3738434;662,32;2;PLN
3738435;1186,65;2;PLN
3738436;1186,69;2;PLN
3738437;769,91;2;PLN
3738438;769,91;2;PLN
3738440;1284,65;2;PLN
3739122;707,70;2;PLN
3739123;125,81;2;PLN
3739132;1839,29;2;PLN
3739133;1247,87;2;PLN
3739134;1839,29;2;PLN
3739135;1839,29;2;PLN
3739139;417,91;2;PLN
3739152;410,73;2;PLN
3739153;311,34;2;PLN
3739154;408,14;2;PLN
3739173;1136,51;2;PLN
3739174;1136,51;2;PLN
3739175;1136,51;2;PLN
3739227;1186,69;2;PLN
3739228;1123,68;2;PLN
3739233;1150,55;2;PLN
3739234;1150,55;2;PLN
3739235;1150,55;2;PLN
3739240;1303,72;2;PLN
3739241;1303,68;2;PLN
3739242;1303,68;2;PLN
3739243;1335,94;2;PLN
3739244;1286,87;2;PLN
3739245;1335,94;2;PLN
3739246;1335,94;2;PLN
3742437;72,23;51;PLN
3750135;1909,40;151;PLN
3753869;228,25;5;PLN
3753869;225,21;10;PLN
3753872;1808,46;11;PLN
3753872;2675,36;555;PLN
3757921;135,38;5;PLN
3757921;133,57;10;PLN
3770613;2806,62;21;PLN
3770614;699,36;51;PLN
3776570;1174,40;11;PLN
3776570;1487,03;450;PLN
3776928;3055,27;5;PLN
3776928;3014,55;10;PLN
3776930;21,93;5;PLN
3776930;21,63;10;PLN
3786531;12067,32;16;PLN
3801418;269,40;5;PLN
3801418;265,21;10;PLN
3874346;762,83;5;PLN
3874346;752,67;10;PLN
3874917;1960,59;15001;PLN
3874919;1965,72;14998;PLN
3874920;1955,69;15001;PLN
3876176;34,23;5;PLN
3876176;33,77;10;PLN
3889774;349,62;21;PLN
3892150;1745,30;97;PLN
3895436;99,77;5;PLN
3895436;98,44;10;PLN
3917551;37,08;184;PLN
3920610;54,73;5;PLN
3920610;53,88;10;PLN
3921581;78,58;5;PLN
3921581;77,36;10;PLN
3921582;48,89;5;PLN
3921582;48,23;10;PLN
3921583;85,49;5;PLN
3921583;84,35;10;PLN
3921584;48,89;5;PLN
3921584;48,23;10;PLN
3921585;77,33;5;PLN
3921585;76,29;10;PLN
3921586;77,33;5;PLN
3921586;76,29;10;PLN
3921587;64,13;5;PLN
3921587;63,28;10;PLN
3921588;191,83;5;PLN
3921588;189,28;10;PLN
3921591;266,71;5;PLN
3921591;263,16;10;PLN
3921592;266,66;5;PLN
3921592;263,11;10;PLN
3921593;77,38;5;PLN
3921593;76,34;10;PLN
3921594;100,92;5;PLN
3921594;99,57;10;PLN
3921595;115,18;5;PLN
3921595;113,39;10;PLN
3921596;115,18;5;PLN
3921596;113,39;10;PLN
3921597;153,79;5;PLN
3921597;151,41;10;PLN
3921598;153,79;5;PLN
3921598;151,41;10;PLN
3921599;46,83;5;PLN
3921599;46,10;10;PLN
3921600;54,78;5;PLN
3921600;53,92;10;PLN
3921601;62,72;5;PLN
3921601;61,75;10;PLN
3921605;94,43;5;PLN
3921605;92,97;10;PLN
3921606;78,53;5;PLN
3921606;77,32;10;PLN
3930490;406,37;16;PLN
3931590;136,69;100;PLN
3933754;94,25;3;PLN
3944879;72,47;5;PLN
3944879;71,34;10;PLN
3944880;110,08;5;PLN
3944880;108,37;10;PLN
3945331;86,86;5;PLN
3945331;85,51;10;PLN
3945332;86,86;5;PLN
3945332;85,51;10;PLN
3945333;86,86;5;PLN
3945333;85,51;10;PLN
3945334;86,86;5;PLN
3945334;85,51;10;PLN
3945335;101,41;5;PLN
3945335;99,84;10;PLN
3945336;115,92;5;PLN
3945336;114,12;10;PLN
3945337;115,92;5;PLN
3945337;114,12;10;PLN
3945338;86,86;5;PLN
3945338;85,51;10;PLN
3945339;72,47;5;PLN
3945339;71,34;10;PLN
3945340;72,47;5;PLN
3945340;71,34;10;PLN
3945341;72,47;5;PLN
3945341;71,34;10;PLN
3945342;81,14;5;PLN
3945342;79,87;10;PLN
3945343;81,14;5;PLN
3945343;79,87;10;PLN
3945344;101,41;5;PLN
3945344;99,84;10;PLN
3945345;101,41;5;PLN
3945345;99,84;10;PLN
3945346;86,86;5;PLN
3945346;85,51;10;PLN
3945347;110,08;5;PLN
3945347;108,37;10;PLN
3945348;72,47;5;PLN
3945348;71,34;10;PLN
3948229;71,28;46;PLN
3948753;115,60;51;PLN
3966203;157,26;5;PLN
3966203;154,82;10;PLN
3967016;456,72;4;PLN
3987562;313,24;5;PLN
3987562;308,37;10;PLN
3990644;420,13;5;PLN
3990644;414,53;10;PLN
4001187;8796,15;10;PLN
4001187;8622,54;20;PLN
4003234;287,86;5;PLN
4003234;284,03;10;PLN
4003235;29,34;5;PLN
4003235;28,94;10;PLN
4012131;182,51;15;PLN
4028065;39,96;2;PLN
4039839;837,87;14;PLN
4039839;1289,75;18;PLN
4041465;1030,21;5;PLN
4041524;2637,68;16;PLN
4042614;3771,42;2;PLN
4042618;604,05;430;PLN
4042624;520,37;16;PLN
4042625;1914,99;16;PLN
4042626;2468,34;16;PLN
4042627;3897,11;16;PLN
4043663;62,65;16;PLN
4045378;684,94;5;PLN
4045378;675,81;10;PLN
4047532;136,38;16;PLN
4047534;1800,99;16;PLN
4050387;186,88;14;PLN
4051371;1550,83;16;PLN
4053329;327,53;5;PLN
4053329;323,16;10;PLN
4060016;85,11;5;PLN
4060016;83,98;10;PLN
4060017;85,11;5;PLN
4060017;83,98;10;PLN
4060018;48,89;5;PLN
4060018;48,23;10;PLN
4069615;103,96;5;PLN
4069615;102,57;10;PLN
4069750;96,98;5;PLN
4069750;95,69;10;PLN
4069771;127,44;5;PLN
4069771;125,75;10;PLN
4069773;100,92;5;PLN
4069773;99,57;10;PLN
4069774;149,99;5;PLN
4069774;147,99;10;PLN
4085842;228,11;16;PLN
4089945;464,84;14965;PLN
4089947;778,59;15001;PLN
4090587;1003,07;15001;PLN
4090588;1008,17;14999;PLN
4090589;1319,57;14989;PLN
4090590;1319,57;15001;PLN
4090591;1708,76;14999;PLN
4099508;8796,09;10;PLN
4099508;8622,49;20;PLN
4107061;246,86;5;PLN
4107061;243,57;10;PLN
4140326;1183,20;5;PLN
4140326;1167,43;10;PLN
4140327;175,09;5;PLN
4140327;172,75;10;PLN
4141569;22,64;5;PLN
4141569;22,34;10;PLN
4143720;108,71;5;PLN
4143720;107,25;10;PLN
4165072;109,59;5;PLN
4165072;107,89;10;PLN
4165073;197,62;5;PLN
4165073;194,56;10;PLN
4165074;166,84;5;PLN
4165074;164,25;10;PLN
4165075;181,98;5;PLN
4165075;179,16;10;PLN
4165076;215,68;5;PLN
4165076;212,33;10;PLN
4165077;269,72;5;PLN
4165077;265,53;10;PLN
4165078;43,41;5;PLN
4165078;42,73;10;PLN
4165079;43,41;5;PLN
4165079;42,73;10;PLN
4165080;45,81;5;PLN
4165080;45,10;10;PLN
4165371;45,81;5;PLN
4165371;45,10;10;PLN
4165372;45,81;5;PLN
4165372;45,10;10;PLN
4165373;48,22;5;PLN
4165373;47,48;10;PLN
4165374;48,22;5;PLN
4165374;47,48;10;PLN
4165375;59,50;5;PLN
4165375;58,57;10;PLN
4165376;59,50;5;PLN
4165376;58,57;10;PLN
4165377;62,72;5;PLN
4165377;61,75;10;PLN
4165378;62,72;5;PLN
4165378;61,75;10;PLN
4165379;62,72;5;PLN
4165379;61,75;10;PLN
4165380;62,72;5;PLN
4165380;61,75;10;PLN
4165381;62,72;5;PLN
4165381;61,75;10;PLN
4165382;197,68;5;PLN
4165382;194,61;10;PLN
4165383;157,98;5;PLN
4165383;155,52;10;PLN
4165384;231,10;5;PLN
4165384;227,51;10;PLN
4165385;136,52;5;PLN
4165385;134,40;10;PLN
4168542;4065,63;10;PLN
4203429;194,98;5;PLN
4203429;192,38;10;PLN
4233428;428,53;2;PLN
4233435;234,18;2;PLN
4233436;585,35;2;PLN
4233437;305,75;2;PLN
4233438;320,49;2;PLN
4233439;320,49;2;PLN
4233440;320,49;2;PLN
4233441;490,09;2;PLN
4233442;428,53;2;PLN
4233443;430,25;2;PLN
4259822;181,98;5;PLN
4259822;179,16;10;PLN
4274156;991,73;5;PLN
4274156;978,52;10;PLN
4274157;580,23;5;PLN
4274157;572,50;10;PLN
4282466;101,41;5;PLN
4282466;99,84;10;PLN
4282467;86,49;5;PLN
4282467;85,14;10;PLN
4282468;86,49;5;PLN
4282468;85,14;10;PLN
4282470;184,70;5;PLN
4282470;181,83;10;PLN
4282471;115,92;5;PLN
4282471;114,12;10;PLN
4282472;156,23;5;PLN
4282472;153,81;10;PLN
4282473;156,23;5;PLN
4282473;153,81;10;PLN
4282474;187,42;5;PLN
4282474;184,51;10;PLN
4282475;115,92;5;PLN
4282475;114,12;10;PLN
4285397;68,99;100;PLN
4292755;396,03;5;PLN
4292755;389,87;10;PLN
4292757;279,29;5;PLN
4292757;275,57;10;PLN
4292759;296,12;5;PLN
4292759;292,17;10;PLN
4292912;330,45;5;PLN
4292912;326,05;10;PLN
4292913;333,53;5;PLN
4292913;329,09;10;PLN
4292914;457,85;5;PLN
4292914;451,75;10;PLN
4292915;457,85;5;PLN
4292915;451,75;10;PLN
4301551;636,89;2;PLN
4301552;636,89;2;PLN
4301553;398,31;2;PLN
4301554;1433,88;2;PLN
4301555;1013,22;2;PLN
4301556;589,49;2;PLN
4301557;636,89;2;PLN
4309260;1463,89;15001;PLN
4309361;1154,09;15001;PLN
4312898;1851,10;15001;PLN
4313818;1501,43;501;PLN
4313819;2313,73;500;PLN
4313823;5305,91;501;PLN
4316145;867,84;2;PLN
4316147;649,99;2;PLN
4316148;867,84;2;PLN
4316153;1085,82;2;PLN
4316154;1085,82;2;PLN
4316155;821,77;2;PLN
4316156;1072,90;2;PLN
4316166;1412,73;2;PLN
4316170;1170,29;2;PLN
4316175;867,84;2;PLN
4334821;678,03;2;PLN
4347484;149,55;5;PLN
4347484;147,23;10;PLN
4347485;140,94;5;PLN
4347485;138,75;10;PLN
4347486;1183,24;5;PLN
4347486;1167,47;10;PLN
4347487;86,58;5;PLN
4347487;85,23;10;PLN
4347536;144,73;5;PLN
4347536;142,48;10;PLN
4395820;11221,68;9;PLN
4395820;11557,10;10;PLN
4395822;2609,82;16;PLN
4395824;1875,30;16;PLN
4395833;3213,60;16;PLN
4396670;3213,60;16;PLN
4397131;520,78;3;PLN
4397131;989,97;12;PLN
4397182;127,30;5;PLN
4397182;125,61;10;PLN
4401436;70,34;5;PLN
4401436;69,24;10;PLN
4401456;246,81;5;PLN
4401456;243,52;10;PLN
4401457;175,96;5;PLN
4401457;173,62;10;PLN
4401458;175,96;5;PLN
4401458;173,62;10;PLN
4412806;1140,39;4;PLN
4413867;171,43;100001;PLN
4413869;185,72;99989;PLN
4414855;664,81;2;PLN
4415336;375,90;12;PLN
4420520;259,36;12;PLN
4420538;260,40;16;PLN
4426986;91,43;3;PLN
4427327;20,17;5;PLN
4427327;19,90;10;PLN
4427328;26,10;5;PLN
4427328;25,75;10;PLN
4427779;3170,70;16;PLN
4429409;403,50;5;PLN
4429409;398,12;10;PLN
4429410;3948,06;5;PLN
4429410;3895,44;10;PLN
4433014;1988,20;51;PLN
4433015;3643,66;50;PLN
4434164;10850,30;1001;PLN
4434168;3897,06;1001;PLN
4434169;4901,60;1001;PLN
4434170;10850,26;1001;PLN
4434174;4013,98;1001;PLN
4434175;5049,40;1001;PLN
4434176;11175,78;1001;PLN
4434179;14586,44;1001;PLN
4441689;8910,42;12;PLN
4441831;2821,62;16;PLN
4442007;65,80;2;PLN
4442008;62,55;2;PLN
4442009;62,99;2;PLN
4442010;63,45;2;PLN
4442011;63,45;2;PLN
4442012;63,45;2;PLN
4442013;47,94;2;PLN
4442014;42,97;2;PLN
4442015;43,73;2;PLN
4442016;43,73;2;PLN
4442017;43,73;2;PLN
4442018;42,97;2;PLN
4456804;1998,26;2;PLN
4456806;2024,58;2;PLN
4456856;2024,58;2;PLN
4456899;518,61;2;PLN
4462094;1751,62;15001;PLN
4462095;2052,45;15001;PLN
4462096;2826,87;15001;PLN
4478703;91,21;1001;PLN
4482974;1370,76;15001;PLN
4482976;1004,54;15001;PLN
4482977;1003,07;15001;PLN
4482979;1003,07;15001;PLN
4482982;1514,17;15001;PLN
4482983;1506,45;15001;PLN
4482986;1514,20;15001;PLN
4482987;1506,45;15001;PLN
4482989;995,32;15001;PLN
4482990;1000,39;15001;PLN
4482991;1498,70;15001;PLN
4482992;1506,35;15001;PLN
4482997;867,39;15001;PLN
4483002;1005,62;15001;PLN
4489692;1583,73;15001;PLN
4489693;1196,52;15001;PLN
4489694;886,75;15001;PLN
4495370;171,36;1001;PLN
4497339;246,72;5;PLN
4497339;243,43;10;PLN
4511840;2329,08;16;PLN
4514398;177,30;5;PLN
4514398;174,54;10;PLN
4514399;36,18;5;PLN
4514399;35,62;10;PLN
4521454;14386,44;2;PLN
4521895;3520,63;16;PLN
4522728;91,21;1001;PLN
4534018;4792,24;38;PLN
4537071;3229,54;15001;PLN
4537072;2300,23;15001;PLN
4540793;2290,24;51;PLN
4541815;262,86;5;PLN
4541815;259,36;10;PLN
4541816;179,73;5;PLN
4541816;177,33;10;PLN
4563485;2539,83;16;PLN
4583438;77,64;7;PLN
4630883;7689,48;10;PLN
4630883;7537,71;20;PLN
4630895;5140,43;10;PLN
4630895;5038,97;20;PLN
4639212;903,67;4;PLN
4644992;1467,28;1001;PLN
4644994;2680,60;1001;PLN
4644995;4849,73;1001;PLN
4645092;741,20;1001;PLN
4645093;1401,23;1001;PLN
4645094;382,81;1001;PLN
4645095;4620,20;1001;PLN
4645096;1399,20;1001;PLN
4645097;2552,13;1001;PLN
4645098;719,06;1001;PLN
4645179;400,09;1001;PLN
4645201;753,05;1001;PLN
4651729;35,27;5;PLN
4651729;34,80;10;PLN
4653334;766,91;15001;PLN
4661187;611,99;15001;PLN
4661188;622,91;15001;PLN
4663249;30,86;5;PLN
4663249;30,44;10;PLN
4664796;23,78;5;PLN
4664796;23,46;10;PLN
4664797;441,52;5;PLN
4664797;435,64;10;PLN
4664798;197,14;5;PLN
4664798;194,08;10;PLN
4664799;249,59;5;PLN
4664799;245,71;10;PLN
4664800;72,61;5;PLN
4664800;71,48;10;PLN
4664801;72,61;5;PLN
4664801;71,48;10;PLN
4664802;81,76;5;PLN
4664802;80,49;10;PLN
4664803;81,76;5;PLN
4664803;80,49;10;PLN
4664804;112,39;5;PLN
4664804;110,65;10;PLN
4664805;130,24;5;PLN
4664805;128,21;10;PLN
4664806;151,68;5;PLN
4664806;149,32;10;PLN
4664807;143,73;5;PLN
4664807;141,81;10;PLN
4664808;47,48;5;PLN
4664808;46,84;10;PLN
4664809;83,02;5;PLN
4664809;81,92;10;PLN
4664810;23,78;5;PLN
4664810;23,46;10;PLN
4664811;112,54;5;PLN
4664811;110,79;10;PLN
4664812;112,54;5;PLN
4664812;110,79;10;PLN
4664813;112,54;5;PLN
4664813;110,79;10;PLN
4666030;2715,10;15001;PLN
4666110;426,12;15001;PLN
4666111;3308,71;15001;PLN
4666196;774,62;15001;PLN
4667613;2009,83;15001;PLN
4667614;2009,83;15001;PLN
4667657;1916,97;15001;PLN
4667658;1742,72;15001;PLN
4671604;418,38;15001;PLN
4672781;13396,89;9;PLN
4672781;14067,73;10;PLN
4672781;15168,29;15;PLN
4672782;13997,57;16;PLN
4672783;14973,57;16;PLN
4693335;213,79;5;PLN
4693335;210,47;10;PLN
4696870;3300,92;15001;PLN
4697154;2703,28;15001;PLN
4698521;2002,07;15001;PLN
4698522;2002,04;15001;PLN
4705625;1459,96;1001;PLN
4709852;547,23;2;PLN
4709856;1121,17;2;PLN
4709857;145,62;2;PLN
4709858;1261,98;2;PLN
4709860;1482,83;2;PLN
4709862;1272,29;2;PLN
4710768;678,34;10;PLN
4724349;24,13;5;PLN
4724349;23,76;10;PLN
4724350;45,00;5;PLN
4724350;44,30;10;PLN
4729622;904,93;5;PLN
4729622;892,87;10;PLN
4730159;142,19;2;PLN
4746105;1482,88;51;PLN
4749007;546,42;1001;PLN
4749008;573,77;1001;PLN
4749009;926,07;1001;PLN
4749035;904,98;5;PLN
4749035;892,92;10;PLN
4749464;973,02;1001;PLN
4749465;1874,54;1001;PLN
4749466;1967,38;1001;PLN
4760193;121,03;1001;PLN
4760194;260,09;1001;PLN
4772423;583,15;1001;PLN
4772424;611,26;1001;PLN
4772425;5666,96;1001;PLN
4772426;5952,15;1001;PLN
4782774;188,14;5;PLN
4782774;185,21;10;PLN
4782775;188,14;5;PLN
4782775;185,21;10;PLN
4782777;186,09;5;PLN
4782777;183,20;10;PLN
4799087;36,64;1001;PLN
4799088;65,20;1001;PLN
4801705;1800,69;15001;PLN
4801707;1809,96;15000;PLN
4801710;1800,73;15001;PLN
4801721;1800,76;15001;PLN
4801725;2633,19;15001;PLN
4801726;2646,73;15001;PLN
4809788;1702,52;14992;PLN
4809790;1316,13;14972;PLN
4814091;1313,80;14974;PLN
4814092;1003,07;15001;PLN
4814093;1008,25;14998;PLN
4819867;552,81;2;PLN
4819873;1727,76;2;PLN
4822848;221,75;2;PLN
4823103;437,44;501;PLN
4823105;523,28;497;PLN
4823106;1795,57;501;PLN
4823107;806,07;500;PLN
4823108;5567,07;501;PLN
4823109;1018,28;495;PLN
4823110;1530,35;501;PLN
4823185;1145,59;501;PLN
4823254;3698,34;501;PLN
4823256;807,96;501;PLN
4823969;221,70;2;PLN
4842683;1905,58;11;PLN
4842684;1706,98;10;PLN
4843068;2068,31;16;PLN
4843069;1603,37;7;PLN
4843070;1844,29;52;PLN
4843071;1565,75;11;PLN
4843074;2062,11;8;PLN
4843075;1990,42;33;PLN
4843076;1581,49;25;PLN
4843077;1850,31;13;PLN
4844927;294,72;2;PLN
4844928;451,35;2;PLN
4844930;629,85;2;PLN
4844931;665,37;2;PLN
4844932;642,05;2;PLN
4849983;266,86;9997;PLN
4849984;552,91;10000;PLN
4850127;1121,04;10000;PLN
4860364;530,91;2;PLN
4860366;636,79;2;PLN
4860369;636,79;2;PLN
4860379;747,16;2;PLN
4860381;527,22;2;PLN
4860383;756,16;2;PLN
4860385;756,16;2;PLN
4860386;100,16;2;PLN
4860396;636,79;2;PLN
4867916;5692,55;15001;PLN
4867920;4639,29;15001;PLN
4867944;5684,81;15001;PLN
4867982;4647,09;15001;PLN
4867985;552,91;9992;PLN
4867986;1105,79;10000;PLN
4871239;972,27;1000000;PLN
4874337;185,72;999745;PLN
4881306;1018,25;1000000;PLN
4882455;809,47;15001;PLN
4882613;1157,84;15001;PLN
4882919;266,19;9950;PLN
4890005;1051,26;16;PLN
4915854;798,74;501;PLN
4915855;2521,17;501;PLN
4915856;1193,01;501;PLN
4915857;1162,33;501;PLN
4915943;1681,48;501;PLN
4916397;135,46;5;PLN
4916397;133,66;10;PLN
4917825;155,32;5;PLN
4917825;153,25;10;PLN
4917826;40,35;5;PLN
4917826;39,80;10;PLN
4917835;394,34;5;PLN
4917835;389,08;10;PLN
4929098;219,95;2;PLN
4929099;202,59;2;PLN
4929100;202,77;2;PLN
4929251;339,73;2;PLN
4929252;340,91;2;PLN
4929253;339,55;2;PLN
4929254;339,55;2;PLN
4929259;410,91;2;PLN
4929260;410,60;2;PLN
4929261;410,91;2;PLN
4929262;403,60;2;PLN
4929264;419,52;2;PLN
4929267;202,59;2;PLN
4931618;2169,36;1001;PLN
4936536;5172,39;1000000;PLN
4936537;4431,75;1000000;PLN
4936655;5349,04;1000000;PLN
4936656;4584,33;1000000;PLN
4936788;6496,23;1000000;PLN
4936833;6283,45;1000000;PLN
4940688;1734,94;15001;PLN
4940716;1909,18;15001;PLN
4943457;1692,35;15001;PLN
4943458;1305,10;15001;PLN
4943459;1305,14;15001;PLN
4943460;995,36;15001;PLN
4943461;995,36;15001;PLN
4945043;171,36;1001;PLN
4962934;5247,51;14;PLN
4962934;5699,39;18;PLN
4986916;1189,32;1001;PLN
4987702;3927,11;1001;PLN
4991089;342,73;1001;PLN
4995127;17,74;2;PLN
4995265;3546,16;421;PLN
4995266;3544,88;59;PLN
4995267;4195,28;36;PLN
4995269;3565,33;81;PLN
5003672;2890,83;9;PLN
5003676;1297,54;15;PLN
5003679;67,13;16;PLN
5003682;667,11;16;PLN
5003684;1329,80;14;PLN
5003690;2903,82;16;PLN
5003692;5737,18;14;PLN
5033440;1016,37;1000000;PLN
5033441;699,57;1000000;PLN
5033472;2786,67;13;PLN
5033479;3021,58;11;PLN
5033822;8665,76;15;PLN
5033824;3353,08;11;PLN
5033825;7164,77;16;PLN
5033827;7699,23;16;PLN
5033828;6194,32;16;PLN
5049729;1741,24;11;PLN
5049737;2119,95;10;PLN
5055569;1423,70;1000000;PLN
5055712;1917,57;1000000;PLN
5079002;177,56;1001;PLN
5079003;304,39;980;PLN
5079004;314,52;1001;PLN
5079005;593,52;1001;PLN
5079006;603,65;1001;PLN
5079007;1157,38;1001;PLN
5079008;603,65;1001;PLN
5079009;177,56;1001;PLN
5079010;187,68;1001;PLN
5079011;187,68;1001;PLN
5079012;304,35;1001;PLN
5079013;314,52;1001;PLN
5079014;593,52;1001;PLN
5079015;1167,51;1001;PLN
5083041;915,75;5;PLN
5083041;903,54;10;PLN
5083623;945,04;497;PLN
5083625;1292,15;495;PLN
5083627;1429,98;495;PLN
5083629;793,63;497;PLN
5083841;777,75;1000000;PLN
5083845;469,13;1000000;PLN
5084025;1495,38;501;PLN
5084026;1185,28;501;PLN
5084027;1116,94;501;PLN
5084028;5854,70;501;PLN
5084029;1563,72;501;PLN
5085398;3762,43;3;PLN
5087470;413,45;100;PLN
5104436;136,91;2;PLN
5133941;652,86;1001;PLN
5133942;334,82;1001;PLN
5133943;191,76;1001;PLN
5134363;1344,82;998500;PLN
5247574;10833,29;16;PLN
5247575;11885,73;16;PLN
5247579;2812,13;14;PLN
5260866;2070,97;151;PLN
5263575;2062,94;501;PLN
5263641;7480,49;16;PLN
5264324;2387,19;501;PLN
5279697;3426,21;1001;PLN
5279698;6589,34;1001;PLN
5279699;12517,99;1001;PLN
5280117;3263,06;1001;PLN
5280118;6275,57;1001;PLN
5280119;11921,90;1001;PLN
5281119;772,89;11;PLN
5281119;889,77;51;PLN
5281120;861,00;11;PLN
5281120;1070,33;51;PLN
5281361;803,66;11;PLN
5281361;998,35;486;PLN
5286229;1488,96;21;PLN
5286229;1672,62;51;PLN
5286230;1613,38;21;PLN
5286230;1855,68;286;PLN
5286801;1684,48;21;PLN
5286801;1937,27;298;PLN
5286802;1163,84;21;PLN
5286802;1337,77;293;PLN
5286803;1390,17;21;PLN
5286803;1554,58;51;PLN
5286804;1435,91;21;PLN
5286804;1559,56;301;PLN
5286805;1318,72;40;PLN
5286806;1385,10;51;PLN
5286807;1293,14;21;PLN
5286807;1486,13;243;PLN
5302943;1061,33;95;PLN
5302945;2936,28;95;PLN
5302947;3316,12;95;PLN
5302948;3412,22;95;PLN
5302950;950,39;95;PLN
5302951;1703,04;95;PLN
5302953;1592,02;95;PLN
5302955;1757,31;95;PLN
5302956;3236,72;95;PLN
5353414;9107,42;13;PLN
5357391;144,31;100;PLN
5357392;162,34;100;PLN
5357393;70,72;100;PLN
5357397;138,91;100;PLN
5357401;108,24;100;PLN
